{"test_loss": 0.008474948816001415, "test_accuracy": 0.9983333349227905, "num_classes": 60, "image_size": [128, 128]}