{"test_loss": 0.7728120684623718, "test_accuracy": 0.9991666674613953, "num_classes": 60, "image_size": [128, 128]}